Athlete ID,Meet Date,Meet Name,Race Distance,Time,Place
9698,2023-11-18,NCAA Division III Cross Country Championships,Men's Race - 8K Individual Results (8k),1442.4001,1
54090,2023-11-18,NCAA Division III Cross Country Championships,Men's Race - 8K Individual Results (8k),1460.7002,2
52298,2023-11-18,NCAA Division III Cross Country Championships,Men's Race - 8K Individual Results (8k),1463.1002999999998,3
8908,2023-11-18,NCAA Division III Cross Country Championships,Men's Race - 8K Individual Results (8k),1470.2004,4
53852,2023-11-18,NCAA Division III Cross Country Championships,Men's Race - 8K Individual Results (8k),1472.0005,5
57371,2023-11-18,NCAA Division III Cross Country Championships,Men's Race - 8K Individual Results (8k),1475.2006000000001,6
13701,2023-11-18,NCAA Division III Cross Country Championships,Men's Race - 8K Individual Results (8k),1475.8007,7
53850,2023-11-18,NCAA Division III Cross Country Championships,Men's Race - 8K Individual Results (8k),1479.6008,8
56622,2023-11-18,NCAA Division III Cross Country Championships,Men's Race - 8K Individual Results (8k),1480.1009,9
56625,2023-11-18,NCAA Division III Cross Country Championships,Men's Race - 8K Individual Results (8k),1480.301,10
54089,2023-11-18,NCAA Division III Cross Country Championships,Men's Race - 8K Individual Results (8k),1481.5011,11
3239,2023-11-18,NCAA Division III Cross Country Championships,Men's Race - 8K Individual Results (8k),1481.8011999999999,12
71438,2023-11-18,NCAA Division III Cross Country Championships,Men's Race - 8K Individual Results (8k),1482.6012999999998,13
28366,2023-11-18,NCAA Division III Cross Country Championships,Men's Race - 8K Individual Results (8k),1483.1014,14
32164,2023-11-18,NCAA Division III Cross Country Championships,Men's Race - 8K Individual Results (8k),1483.3015,15
26881,2023-11-18,NCAA Division III Cross Country Championships,Men's Race - 8K Individual Results (8k),1484.0016,16
5298,2023-11-18,NCAA Division III Cross Country Championships,Men's Race - 8K Individual Results (8k),1485.4017000000001,17
13801,2023-11-18,NCAA Division III Cross Country Championships,Men's Race - 8K Individual Results (8k),1485.6018,18
4896,2023-11-18,NCAA Division III Cross Country Championships,Men's Race - 8K Individual Results (8k),1486.1019,19
69512,2023-11-18,NCAA Division III Cross Country Championships,Men's Race - 8K Individual Results (8k),1486.502,20
38846,2023-11-18,NCAA Division III Cross Country Championships,Men's Race - 8K Individual Results (8k),1488.4021,21
64254,2023-11-18,NCAA Division III Cross Country Championships,Men's Race - 8K Individual Results (8k),1489.3021999999999,22
35696,2023-11-18,NCAA Division III Cross Country Championships,Men's Race - 8K Individual Results (8k),1492.9023000000002,23
13709,2023-11-18,NCAA Division III Cross Country Championships,Men's Race - 8K Individual Results (8k),1493.6024,24
50386,2023-11-18,NCAA Division III Cross Country Championships,Men's Race - 8K Individual Results (8k),1494.0025,25
50852,2023-11-18,NCAA Division III Cross Country Championships,Men's Race - 8K Individual Results (8k),1495.8026,26
56626,2023-11-18,NCAA Division III Cross Country Championships,Men's Race - 8K Individual Results (8k),1496.5027,27
49750,2023-11-18,NCAA Division III Cross Country Championships,Men's Race - 8K Individual Results (8k),1498.1028,28
67603,2023-11-18,NCAA Division III Cross Country Championships,Men's Race - 8K Individual Results (8k),1498.5029,29
35695,2023-11-18,NCAA Division III Cross Country Championships,Men's Race - 8K Individual Results (8k),1498.903,30
56688,2023-11-18,NCAA Division III Cross Country Championships,Men's Race - 8K Individual Results (8k),1502.3030999999999,31
63191,2023-11-18,NCAA Division III Cross Country Championships,Men's Race - 8K Individual Results (8k),1503.8032,32
23242,2023-11-18,NCAA Division III Cross Country Championships,Men's Race - 8K Individual Results (8k),1504.4033000000002,33
5256,2023-11-18,NCAA Division III Cross Country Championships,Men's Race - 8K Individual Results (8k),1504.6034,34
45290,2023-11-18,NCAA Division III Cross Country Championships,Men's Race - 8K Individual Results (8k),1504.8035,35
47664,2023-11-18,NCAA Division III Cross Country Championships,Men's Race - 8K Individual Results (8k),1505.3036,36
50216,2023-11-18,NCAA Division III Cross Country Championships,Men's Race - 8K Individual Results (8k),1507.1037,37
50914,2023-11-18,NCAA Division III Cross Country Championships,Men's Race - 8K Individual Results (8k),1509.5038,38
45969,2023-11-18,NCAA Division III Cross Country Championships,Men's Race - 8K Individual Results (8k),1509.5039,39
55020,2023-11-18,NCAA Division III Cross Country Championships,Men's Race - 8K Individual Results (8k),1509.8039999999999,40
35694,2023-11-18,NCAA Division III Cross Country Championships,Men's Race - 8K Individual Results (8k),1510.9041000000002,41
52955,2023-11-18,NCAA Division III Cross Country Championships,Men's Race - 8K Individual Results (8k),1511.5042,42
37214,2023-11-18,NCAA Division III Cross Country Championships,Men's Race - 8K Individual Results (8k),1512.4043000000001,43
56791,2023-11-18,NCAA Division III Cross Country Championships,Men's Race - 8K Individual Results (8k),1512.5044,44
56722,2023-11-18,NCAA Division III Cross Country Championships,Men's Race - 8K Individual Results (8k),1513.2045,45
38850,2023-11-18,NCAA Division III Cross Country Championships,Men's Race - 8K Individual Results (8k),1514.1046,46
49080,2023-11-18,NCAA Division III Cross Country Championships,Men's Race - 8K Individual Results (8k),1515.7047,47
23704,2023-11-18,NCAA Division III Cross Country Championships,Men's Race - 8K Individual Results (8k),1516.5048,48
4733,2023-11-18,NCAA Division III Cross Country Championships,Men's Race - 8K Individual Results (8k),1517.0049,49
71880,2023-11-18,NCAA Division III Cross Country Championships,Men's Race - 8K Individual Results (8k),1517.7050000000002,50
42058,2023-11-18,NCAA Division III Cross Country Championships,Men's Race - 8K Individual Results (8k),1518.0051,51
57372,2023-11-18,NCAA Division III Cross Country Championships,Men's Race - 8K Individual Results (8k),1518.6052,52
72429,2023-11-18,NCAA Division III Cross Country Championships,Men's Race - 8K Individual Results (8k),1519.4053000000001,53
65830,2023-11-18,NCAA Division III Cross Country Championships,Men's Race - 8K Individual Results (8k),1519.7054,54
5353,2023-11-18,NCAA Division III Cross Country Championships,Men's Race - 8K Individual Results (8k),1520.0055,55
51240,2023-11-18,NCAA Division III Cross Country Championships,Men's Race - 8K Individual Results (8k),1520.4056,56
71901,2023-11-18,NCAA Division III Cross Country Championships,Men's Race - 8K Individual Results (8k),1520.5057,57
49611,2023-11-18,NCAA Division III Cross Country Championships,Men's Race - 8K Individual Results (8k),1521.6057999999998,58
69206,2023-11-18,NCAA Division III Cross Country Championships,Men's Race - 8K Individual Results (8k),1522.9059000000002,59
49081,2023-11-18,NCAA Division III Cross Country Championships,Men's Race - 8K Individual Results (8k),1523.806,60
43457,2023-11-18,NCAA Division III Cross Country Championships,Men's Race - 8K Individual Results (8k),1524.2061,61
88511,2023-11-18,NCAA Division III Cross Country Championships,Men's Race - 8K Individual Results (8k),1524.6062,62
69204,2023-11-18,NCAA Division III Cross Country Championships,Men's Race - 8K Individual Results (8k),1525.4063,63
69202,2023-11-18,NCAA Division III Cross Country Championships,Men's Race - 8K Individual Results (8k),1525.7064,64
79321,2023-11-18,NCAA Division III Cross Country Championships,Men's Race - 8K Individual Results (8k),1527.7065,65
51244,2023-11-18,NCAA Division III Cross Country Championships,Men's Race - 8K Individual Results (8k),1529.5066,66
77914,2023-11-18,NCAA Division III Cross Country Championships,Men's Race - 8K Individual Results (8k),1529.9067,67
50381,2023-11-18,NCAA Division III Cross Country Championships,Men's Race - 8K Individual Results (8k),1530.3068,68
59648,2023-11-18,NCAA Division III Cross Country Championships,Men's Race - 8K Individual Results (8k),1530.6069,69
48622,2023-11-18,NCAA Division III Cross Country Championships,Men's Race - 8K Individual Results (8k),1531.007,70
56335,2023-11-18,NCAA Division III Cross Country Championships,Men's Race - 8K Individual Results (8k),1531.5071,71
57375,2023-11-18,NCAA Division III Cross Country Championships,Men's Race - 8K Individual Results (8k),1531.6072,72
43915,2023-11-18,NCAA Division III Cross Country Championships,Men's Race - 8K Individual Results (8k),1533.7073,73
46552,2023-11-18,NCAA Division III Cross Country Championships,Men's Race - 8K Individual Results (8k),1534.0074,74
51245,2023-11-18,NCAA Division III Cross Country Championships,Men's Race - 8K Individual Results (8k),1534.2075,75
69203,2023-11-18,NCAA Division III Cross Country Championships,Men's Race - 8K Individual Results (8k),1534.4076,76
49087,2023-11-18,NCAA Division III Cross Country Championships,Men's Race - 8K Individual Results (8k),1534.6077,77
69200,2023-11-18,NCAA Division III Cross Country Championships,Men's Race - 8K Individual Results (8k),1534.6078,78
68102,2023-11-18,NCAA Division III Cross Country Championships,Men's Race - 8K Individual Results (8k),1534.7079,79
52964,2023-11-18,NCAA Division III Cross Country Championships,Men's Race - 8K Individual Results (8k),1535.308,80
5269,2023-11-18,NCAA Division III Cross Country Championships,Men's Race - 8K Individual Results (8k),1535.9081,81
67604,2023-11-18,NCAA Division III Cross Country Championships,Men's Race - 8K Individual Results (8k),1536.2082,82
68105,2023-11-18,NCAA Division III Cross Country Championships,Men's Race - 8K Individual Results (8k),1536.7083,83
15988,2023-11-18,NCAA Division III Cross Country Championships,Men's Race - 8K Individual Results (8k),1536.7084,84
50219,2023-11-18,NCAA Division III Cross Country Championships,Men's Race - 8K Individual Results (8k),1537.0085,85
53337,2023-11-18,NCAA Division III Cross Country Championships,Men's Race - 8K Individual Results (8k),1537.2086,86
43220,2023-11-18,NCAA Division III Cross Country Championships,Men's Race - 8K Individual Results (8k),1537.3087,87
42827,2023-11-18,NCAA Division III Cross Country Championships,Men's Race - 8K Individual Results (8k),1537.7088,88
42734,2023-11-18,NCAA Division III Cross Country Championships,Men's Race - 8K Individual Results (8k),1538.0089,89
67849,2023-11-18,NCAA Division III Cross Country Championships,Men's Race - 8K Individual Results (8k),1538.209,90
71875,2023-11-18,NCAA Division III Cross Country Championships,Men's Race - 8K Individual Results (8k),1538.5091,91
76414,2023-11-18,NCAA Division III Cross Country Championships,Men's Race - 8K Individual Results (8k),1538.9092,92
49095,2023-11-18,NCAA Division III Cross Country Championships,Men's Race - 8K Individual Results (8k),1540.5093,93
13799,2023-11-18,NCAA Division III Cross Country Championships,Men's Race - 8K Individual Results (8k),1540.5094,94
42738,2023-11-18,NCAA Division III Cross Country Championships,Men's Race - 8K Individual Results (8k),1541.3094999999998,95
50859,2023-11-18,NCAA Division III Cross Country Championships,Men's Race - 8K Individual Results (8k),1541.3096,96
50148,2023-11-18,NCAA Division III Cross Country Championships,Men's Race - 8K Individual Results (8k),1541.5097,97
69513,2023-11-18,NCAA Division III Cross Country Championships,Men's Race - 8K Individual Results (8k),1542.1098,98
50213,2023-11-18,NCAA Division III Cross Country Championships,Men's Race - 8K Individual Results (8k),1542.3099,99
13733,2023-11-18,NCAA Division III Cross Country Championships,Men's Race - 8K Individual Results (8k),1542.51,100
93098,2023-11-18,NCAA Division III Cross Country Championships,Men's Race - 8K Individual Results (8k),1543.6100999999999,101
56786,2023-11-18,NCAA Division III Cross Country Championships,Men's Race - 8K Individual Results (8k),1544.0102,102
5270,2023-11-18,NCAA Division III Cross Country Championships,Men's Race - 8K Individual Results (8k),1545.3102999999999,103
57100,2023-11-18,NCAA Division III Cross Country Championships,Men's Race - 8K Individual Results (8k),1546.2104,104
67914,2023-11-18,NCAA Division III Cross Country Championships,Men's Race - 8K Individual Results (8k),1546.2105000000001,105
73253,2023-11-18,NCAA Division III Cross Country Championships,Men's Race - 8K Individual Results (8k),1546.3106,106
68820,2023-11-18,NCAA Division III Cross Country Championships,Men's Race - 8K Individual Results (8k),1546.6107,107
53736,2023-11-18,NCAA Division III Cross Country Championships,Men's Race - 8K Individual Results (8k),1546.8108,108
58366,2023-11-18,NCAA Division III Cross Country Championships,Men's Race - 8K Individual Results (8k),1547.5109,109
90351,2023-11-18,NCAA Division III Cross Country Championships,Men's Race - 8K Individual Results (8k),1547.711,110
52297,2023-11-18,NCAA Division III Cross Country Championships,Men's Race - 8K Individual Results (8k),1548.0111,111
50610,2023-11-18,NCAA Division III Cross Country Championships,Men's Race - 8K Individual Results (8k),1548.2112,112
55639,2023-11-18,NCAA Division III Cross Country Championships,Men's Race - 8K Individual Results (8k),1548.3112999999998,113
53851,2023-11-18,NCAA Division III Cross Country Championships,Men's Race - 8K Individual Results (8k),1548.5114,114
43522,2023-11-18,NCAA Division III Cross Country Championships,Men's Race - 8K Individual Results (8k),1548.6115,115
16016,2023-11-18,NCAA Division III Cross Country Championships,Men's Race - 8K Individual Results (8k),1548.9116000000001,116
50857,2023-11-18,NCAA Division III Cross Country Championships,Men's Race - 8K Individual Results (8k),1549.0117,117
57374,2023-11-18,NCAA Division III Cross Country Championships,Men's Race - 8K Individual Results (8k),1549.1118,118
68441,2023-11-18,NCAA Division III Cross Country Championships,Men's Race - 8K Individual Results (8k),1549.3119,119
69516,2023-11-18,NCAA Division III Cross Country Championships,Men's Race - 8K Individual Results (8k),1549.512,120
6820,2023-11-18,NCAA Division III Cross Country Championships,Men's Race - 8K Individual Results (8k),1551.0121,121
71244,2023-11-18,NCAA Division III Cross Country Championships,Men's Race - 8K Individual Results (8k),1551.1121999999998,122
62357,2023-11-18,NCAA Division III Cross Country Championships,Men's Race - 8K Individual Results (8k),1551.4123000000002,123
61989,2023-11-18,NCAA Division III Cross Country Championships,Men's Race - 8K Individual Results (8k),1551.5124,124
50960,2023-11-18,NCAA Division III Cross Country Championships,Men's Race - 8K Individual Results (8k),1551.5125,125
85389,2023-11-18,NCAA Division III Cross Country Championships,Men's Race - 8K Individual Results (8k),1552.1126,126
71882,2023-11-18,NCAA Division III Cross Country Championships,Men's Race - 8K Individual Results (8k),1553.3127,127
26352,2023-11-18,NCAA Division III Cross Country Championships,Men's Race - 8K Individual Results (8k),1553.5128,128
66203,2023-11-18,NCAA Division III Cross Country Championships,Men's Race - 8K Individual Results (8k),1553.5129,129
76415,2023-11-18,NCAA Division III Cross Country Championships,Men's Race - 8K Individual Results (8k),1554.213,130
54091,2023-11-18,NCAA Division III Cross Country Championships,Men's Race - 8K Individual Results (8k),1554.2131,131
80209,2023-11-18,NCAA Division III Cross Country Championships,Men's Race - 8K Individual Results (8k),1554.3132,132
52171,2023-11-18,NCAA Division III Cross Country Championships,Men's Race - 8K Individual Results (8k),1554.7133000000001,133
71917,2023-11-18,NCAA Division III Cross Country Championships,Men's Race - 8K Individual Results (8k),1555.6134,134
71877,2023-11-18,NCAA Division III Cross Country Championships,Men's Race - 8K Individual Results (8k),1556.0135,135
61057,2023-11-18,NCAA Division III Cross Country Championships,Men's Race - 8K Individual Results (8k),1556.0136,136
42828,2023-11-18,NCAA Division III Cross Country Championships,Men's Race - 8K Individual Results (8k),1556.3137,137
56724,2023-11-18,NCAA Division III Cross Country Championships,Men's Race - 8K Individual Results (8k),1556.4138,138
78826,2023-11-18,NCAA Division III Cross Country Championships,Men's Race - 8K Individual Results (8k),1556.6138999999998,139
50918,2023-11-18,NCAA Division III Cross Country Championships,Men's Race - 8K Individual Results (8k),1556.8139999999999,140
44884,2023-11-18,NCAA Division III Cross Country Championships,Men's Race - 8K Individual Results (8k),1557.5141,141
13703,2023-11-18,NCAA Division III Cross Country Championships,Men's Race - 8K Individual Results (8k),1557.6142,142
43912,2023-11-18,NCAA Division III Cross Country Championships,Men's Race - 8K Individual Results (8k),1558.1143,143
60202,2023-11-18,NCAA Division III Cross Country Championships,Men's Race - 8K Individual Results (8k),1558.2144,144
51119,2023-11-18,NCAA Division III Cross Country Championships,Men's Race - 8K Individual Results (8k),1558.3145,145
50153,2023-11-18,NCAA Division III Cross Country Championships,Men's Race - 8K Individual Results (8k),1558.8146,146
50506,2023-11-18,NCAA Division III Cross Country Championships,Men's Race - 8K Individual Results (8k),1559.4147,147
43509,2023-11-18,NCAA Division III Cross Country Championships,Men's Race - 8K Individual Results (8k),1559.6147999999998,148
50868,2023-11-18,NCAA Division III Cross Country Championships,Men's Race - 8K Individual Results (8k),1560.2149,149
85313,2023-11-18,NCAA Division III Cross Country Championships,Men's Race - 8K Individual Results (8k),1560.4150000000002,150
71711,2023-11-18,NCAA Division III Cross Country Championships,Men's Race - 8K Individual Results (8k),1560.6151,151
67607,2023-11-18,NCAA Division III Cross Country Championships,Men's Race - 8K Individual Results (8k),1562.1152,152
45927,2023-11-18,NCAA Division III Cross Country Championships,Men's Race - 8K Individual Results (8k),1562.3153,153
69792,2023-11-18,NCAA Division III Cross Country Championships,Men's Race - 8K Individual Results (8k),1562.5154,154
50926,2023-11-18,NCAA Division III Cross Country Championships,Men's Race - 8K Individual Results (8k),1562.6154999999999,155
53853,2023-11-18,NCAA Division III Cross Country Championships,Men's Race - 8K Individual Results (8k),1563.2156,156
50515,2023-11-18,NCAA Division III Cross Country Championships,Men's Race - 8K Individual Results (8k),1563.8156999999999,157
69522,2023-11-18,NCAA Division III Cross Country Championships,Men's Race - 8K Individual Results (8k),1564.0158,158
56787,2023-11-18,NCAA Division III Cross Country Championships,Men's Race - 8K Individual Results (8k),1566.3159,159
52172,2023-11-18,NCAA Division III Cross Country Championships,Men's Race - 8K Individual Results (8k),1566.516,160
50508,2023-11-18,NCAA Division III Cross Country Championships,Men's Race - 8K Individual Results (8k),1566.7161,161
22993,2023-11-18,NCAA Division III Cross Country Championships,Men's Race - 8K Individual Results (8k),1566.9162000000001,162
86160,2023-11-18,NCAA Division III Cross Country Championships,Men's Race - 8K Individual Results (8k),1567.4163,163
57264,2023-11-18,NCAA Division III Cross Country Championships,Men's Race - 8K Individual Results (8k),1568.3164,164
81112,2023-11-18,NCAA Division III Cross Country Championships,Men's Race - 8K Individual Results (8k),1568.7165,165
62098,2023-11-18,NCAA Division III Cross Country Championships,Men's Race - 8K Individual Results (8k),1568.8165999999999,166
13948,2023-11-18,NCAA Division III Cross Country Championships,Men's Race - 8K Individual Results (8k),1569.2167,167
46800,2023-11-18,NCAA Division III Cross Country Championships,Men's Race - 8K Individual Results (8k),1569.4168000000002,168
45292,2023-11-18,NCAA Division III Cross Country Championships,Men's Race - 8K Individual Results (8k),1569.6169,169
45792,2023-11-18,NCAA Division III Cross Country Championships,Men's Race - 8K Individual Results (8k),1569.9170000000001,170
68593,2023-11-18,NCAA Division III Cross Country Championships,Men's Race - 8K Individual Results (8k),1570.0171,171
67948,2023-11-18,NCAA Division III Cross Country Championships,Men's Race - 8K Individual Results (8k),1570.0172,172
66210,2023-11-18,NCAA Division III Cross Country Championships,Men's Race - 8K Individual Results (8k),1570.2173,173
42673,2023-11-18,NCAA Division III Cross Country Championships,Men's Race - 8K Individual Results (8k),1570.2174,174
56567,2023-11-18,NCAA Division III Cross Country Championships,Men's Race - 8K Individual Results (8k),1570.6174999999998,175
60992,2023-11-18,NCAA Division III Cross Country Championships,Men's Race - 8K Individual Results (8k),1570.7176,176
29724,2023-11-18,NCAA Division III Cross Country Championships,Men's Race - 8K Individual Results (8k),1570.9177000000002,177
51257,2023-11-18,NCAA Division III Cross Country Championships,Men's Race - 8K Individual Results (8k),1570.9178000000002,178
46576,2023-11-18,NCAA Division III Cross Country Championships,Men's Race - 8K Individual Results (8k),1571.7179,179
53132,2023-11-18,NCAA Division III Cross Country Championships,Men's Race - 8K Individual Results (8k),1571.818,180
53133,2023-11-18,NCAA Division III Cross Country Championships,Men's Race - 8K Individual Results (8k),1572.5181,181
50894,2023-11-18,NCAA Division III Cross Country Championships,Men's Race - 8K Individual Results (8k),1572.9182,182
58683,2023-11-18,NCAA Division III Cross Country Championships,Men's Race - 8K Individual Results (8k),1573.0183,183
52958,2023-11-18,NCAA Division III Cross Country Championships,Men's Race - 8K Individual Results (8k),1573.1183999999998,184
76528,2023-11-18,NCAA Division III Cross Country Championships,Men's Race - 8K Individual Results (8k),1573.6184999999998,185
43877,2023-11-18,NCAA Division III Cross Country Championships,Men's Race - 8K Individual Results (8k),1574.0186,186
89394,2023-11-18,NCAA Division III Cross Country Championships,Men's Race - 8K Individual Results (8k),1574.4187000000002,187
67137,2023-11-18,NCAA Division III Cross Country Championships,Men's Race - 8K Individual Results (8k),1574.5188,188
43925,2023-11-18,NCAA Division III Cross Country Championships,Men's Race - 8K Individual Results (8k),1575.4189000000001,189
59217,2023-11-18,NCAA Division III Cross Country Championships,Men's Race - 8K Individual Results (8k),1575.519,190
88531,2023-11-18,NCAA Division III Cross Country Championships,Men's Race - 8K Individual Results (8k),1575.6191,191
81118,2023-11-18,NCAA Division III Cross Country Championships,Men's Race - 8K Individual Results (8k),1575.8192,192
33416,2023-11-18,NCAA Division III Cross Country Championships,Men's Race - 8K Individual Results (8k),1576.1192999999998,193
68821,2023-11-18,NCAA Division III Cross Country Championships,Men's Race - 8K Individual Results (8k),1576.2194,194
48278,2023-11-18,NCAA Division III Cross Country Championships,Men's Race - 8K Individual Results (8k),1576.3195,195
18182,2023-11-18,NCAA Division III Cross Country Championships,Men's Race - 8K Individual Results (8k),1577.5196,196
64828,2023-11-18,NCAA Division III Cross Country Championships,Men's Race - 8K Individual Results (8k),1578.0197,197
43225,2023-11-18,NCAA Division III Cross Country Championships,Men's Race - 8K Individual Results (8k),1578.1198,198
77919,2023-11-18,NCAA Division III Cross Country Championships,Men's Race - 8K Individual Results (8k),1578.6199,199
50380,2023-11-18,NCAA Division III Cross Country Championships,Men's Race - 8K Individual Results (8k),1579.12,200
46553,2023-11-18,NCAA Division III Cross Country Championships,Men's Race - 8K Individual Results (8k),1579.7201,201
77720,2023-11-18,NCAA Division III Cross Country Championships,Men's Race - 8K Individual Results (8k),1579.8201999999999,202
48776,2023-11-18,NCAA Division III Cross Country Championships,Men's Race - 8K Individual Results (8k),1580.1202999999998,203
69793,2023-11-18,NCAA Division III Cross Country Championships,Men's Race - 8K Individual Results (8k),1580.7204000000002,204
5361,2023-11-18,NCAA Division III Cross Country Championships,Men's Race - 8K Individual Results (8k),1581.0205,205
57255,2023-11-18,NCAA Division III Cross Country Championships,Men's Race - 8K Individual Results (8k),1581.2206,206
80217,2023-11-18,NCAA Division III Cross Country Championships,Men's Race - 8K Individual Results (8k),1581.7207,207
72957,2023-11-18,NCAA Division III Cross Country Championships,Men's Race - 8K Individual Results (8k),1582.1208,208
86164,2023-11-18,NCAA Division III Cross Country Championships,Men's Race - 8K Individual Results (8k),1582.7209,209
48886,2023-11-18,NCAA Division III Cross Country Championships,Men's Race - 8K Individual Results (8k),1583.6209999999999,210
72428,2023-11-18,NCAA Division III Cross Country Championships,Men's Race - 8K Individual Results (8k),1584.1210999999998,211
51270,2023-11-18,NCAA Division III Cross Country Championships,Men's Race - 8K Individual Results (8k),1584.5212,212
9701,2023-11-18,NCAA Division III Cross Country Championships,Men's Race - 8K Individual Results (8k),1585.4213000000002,213
28304,2023-11-18,NCAA Division III Cross Country Championships,Men's Race - 8K Individual Results (8k),1585.6214,214
42064,2023-11-18,NCAA Division III Cross Country Championships,Men's Race - 8K Individual Results (8k),1586.1215,215
69519,2023-11-18,NCAA Division III Cross Country Championships,Men's Race - 8K Individual Results (8k),1586.1216,216
55948,2023-11-18,NCAA Division III Cross Country Championships,Men's Race - 8K Individual Results (8k),1586.2217,217
48614,2023-11-18,NCAA Division III Cross Country Championships,Men's Race - 8K Individual Results (8k),1587.7218,218
56788,2023-11-18,NCAA Division III Cross Country Championships,Men's Race - 8K Individual Results (8k),1587.9219,219
13738,2023-11-18,NCAA Division III Cross Country Championships,Men's Race - 8K Individual Results (8k),1589.022,220
48612,2023-11-18,NCAA Division III Cross Country Championships,Men's Race - 8K Individual Results (8k),1589.2221,221
87400,2023-11-18,NCAA Division III Cross Country Championships,Men's Race - 8K Individual Results (8k),1589.4222000000002,222
66842,2023-11-18,NCAA Division III Cross Country Championships,Men's Race - 8K Individual Results (8k),1589.5223,223
42677,2023-11-18,NCAA Division III Cross Country Championships,Men's Race - 8K Individual Results (8k),1590.0224,224
59242,2023-11-18,NCAA Division III Cross Country Championships,Men's Race - 8K Individual Results (8k),1590.5225,225
48275,2023-11-18,NCAA Division III Cross Country Championships,Men's Race - 8K Individual Results (8k),1590.7226,226
45298,2023-11-18,NCAA Division III Cross Country Championships,Men's Race - 8K Individual Results (8k),1591.0227,227
68822,2023-11-18,NCAA Division III Cross Country Championships,Men's Race - 8K Individual Results (8k),1591.9228,228
61056,2023-11-18,NCAA Division III Cross Country Championships,Men's Race - 8K Individual Results (8k),1592.5229,229
67356,2023-11-18,NCAA Division III Cross Country Championships,Men's Race - 8K Individual Results (8k),1592.6229999999998,230
83353,2023-11-18,NCAA Division III Cross Country Championships,Men's Race - 8K Individual Results (8k),1592.8231,231
45293,2023-11-18,NCAA Division III Cross Country Championships,Men's Race - 8K Individual Results (8k),1592.8232,232
44791,2023-11-18,NCAA Division III Cross Country Championships,Men's Race - 8K Individual Results (8k),1593.1233,233
28276,2023-11-18,NCAA Division III Cross Country Championships,Men's Race - 8K Individual Results (8k),1593.3234,234
59402,2023-11-18,NCAA Division III Cross Country Championships,Men's Race - 8K Individual Results (8k),1593.7235,235
67165,2023-11-18,NCAA Division III Cross Country Championships,Men's Race - 8K Individual Results (8k),1594.4236,236
50959,2023-11-18,NCAA Division III Cross Country Championships,Men's Race - 8K Individual Results (8k),1594.7237,237
26897,2023-11-18,NCAA Division III Cross Country Championships,Men's Race - 8K Individual Results (8k),1594.9238,238
46802,2023-11-18,NCAA Division III Cross Country Championships,Men's Race - 8K Individual Results (8k),1595.0239,239
48623,2023-11-18,NCAA Division III Cross Country Championships,Men's Race - 8K Individual Results (8k),1595.3239999999998,240
72741,2023-11-18,NCAA Division III Cross Country Championships,Men's Race - 8K Individual Results (8k),1596.6241,241
48872,2023-11-18,NCAA Division III Cross Country Championships,Men's Race - 8K Individual Results (8k),1596.9242000000002,242
81375,2023-11-18,NCAA Division III Cross Country Championships,Men's Race - 8K Individual Results (8k),1599.2243,243
68101,2023-11-18,NCAA Division III Cross Country Championships,Men's Race - 8K Individual Results (8k),1599.5244,244
64817,2023-11-18,NCAA Division III Cross Country Championships,Men's Race - 8K Individual Results (8k),1600.3245,245
25811,2023-11-18,NCAA Division III Cross Country Championships,Men's Race - 8K Individual Results (8k),1600.4246,246
50482,2023-11-18,NCAA Division III Cross Country Championships,Men's Race - 8K Individual Results (8k),1600.5247,247
56332,2023-11-18,NCAA Division III Cross Country Championships,Men's Race - 8K Individual Results (8k),1600.6247999999998,248
52258,2023-11-18,NCAA Division III Cross Country Championships,Men's Race - 8K Individual Results (8k),1601.2249,249
54101,2023-11-18,NCAA Division III Cross Country Championships,Men's Race - 8K Individual Results (8k),1602.2250000000001,250
76523,2023-11-18,NCAA Division III Cross Country Championships,Men's Race - 8K Individual Results (8k),1602.8251,251
68106,2023-11-18,NCAA Division III Cross Country Championships,Men's Race - 8K Individual Results (8k),1603.4252000000001,252
50159,2023-11-18,NCAA Division III Cross Country Championships,Men's Race - 8K Individual Results (8k),1603.9253,253
47498,2023-11-18,NCAA Division III Cross Country Championships,Men's Race - 8K Individual Results (8k),1604.6254,254
56055,2023-11-18,NCAA Division III Cross Country Championships,Men's Race - 8K Individual Results (8k),1604.7255,255
77913,2023-11-18,NCAA Division III Cross Country Championships,Men's Race - 8K Individual Results (8k),1605.0256,256
51250,2023-11-18,NCAA Division III Cross Country Championships,Men's Race - 8K Individual Results (8k),1605.9257,257
69515,2023-11-18,NCAA Division III Cross Country Championships,Men's Race - 8K Individual Results (8k),1608.0258,258
50858,2023-11-18,NCAA Division III Cross Country Championships,Men's Race - 8K Individual Results (8k),1608.8259,259
81374,2023-11-18,NCAA Division III Cross Country Championships,Men's Race - 8K Individual Results (8k),1608.9260000000002,260
48655,2023-11-18,NCAA Division III Cross Country Championships,Men's Race - 8K Individual Results (8k),1609.2261,261
66835,2023-11-18,NCAA Division III Cross Country Championships,Men's Race - 8K Individual Results (8k),1612.7262,262
58367,2023-11-18,NCAA Division III Cross Country Championships,Men's Race - 8K Individual Results (8k),1614.3263,263
63326,2023-11-18,NCAA Division III Cross Country Championships,Men's Race - 8K Individual Results (8k),1615.1263999999999,264
50156,2023-11-18,NCAA Division III Cross Country Championships,Men's Race - 8K Individual Results (8k),1615.6264999999999,265
79469,2023-11-18,NCAA Division III Cross Country Championships,Men's Race - 8K Individual Results (8k),1616.6265999999998,266
53138,2023-11-18,NCAA Division III Cross Country Championships,Men's Race - 8K Individual Results (8k),1617.7267,267
88445,2023-11-18,NCAA Division III Cross Country Championships,Men's Race - 8K Individual Results (8k),1618.5268,268
53555,2023-11-18,NCAA Division III Cross Country Championships,Men's Race - 8K Individual Results (8k),1619.5269,269
71714,2023-11-18,NCAA Division III Cross Country Championships,Men's Race - 8K Individual Results (8k),1620.027,270
50609,2023-11-18,NCAA Division III Cross Country Championships,Men's Race - 8K Individual Results (8k),1620.6271,271
81376,2023-11-18,NCAA Division III Cross Country Championships,Men's Race - 8K Individual Results (8k),1622.4272,272
48282,2023-11-18,NCAA Division III Cross Country Championships,Men's Race - 8K Individual Results (8k),1623.3273,273
53136,2023-11-18,NCAA Division III Cross Country Championships,Men's Race - 8K Individual Results (8k),1623.8274,274
32004,2023-11-18,NCAA Division III Cross Country Championships,Men's Race - 8K Individual Results (8k),1627.3274999999999,275
63331,2023-11-18,NCAA Division III Cross Country Championships,Men's Race - 8K Individual Results (8k),1627.7276,276
52960,2023-11-18,NCAA Division III Cross Country Championships,Men's Race - 8K Individual Results (8k),1632.5277,277
43231,2023-11-18,NCAA Division III Cross Country Championships,Men's Race - 8K Individual Results (8k),1633.7278000000001,278
26359,2023-11-18,NCAA Division III Cross Country Championships,Men's Race - 8K Individual Results (8k),1635.1279,279
45291,2023-11-18,NCAA Division III Cross Country Championships,Men's Race - 8K Individual Results (8k),1636.428,280
85724,2023-11-18,NCAA Division III Cross Country Championships,Men's Race - 8K Individual Results (8k),1641.7281,281
33418,2023-11-18,NCAA Division III Cross Country Championships,Men's Race - 8K Individual Results (8k),1648.4282,282
58362,2023-11-18,NCAA Division III Cross Country Championships,Men's Race - 8K Individual Results (8k),1650.8283,283
43519,2023-11-18,NCAA Division III Cross Country Championships,Men's Race - 8K Individual Results (8k),1653.5284,284
47379,2023-11-18,NCAA Division III Cross Country Championships,Men's Race - 8K Individual Results (8k),1656.3284999999998,285
64208,2023-11-18,NCAA Division III Cross Country Championships,Men's Race - 8K Individual Results (8k),1660.4286000000002,286
24703,2023-11-18,NCAA Division III Cross Country Championships,Men's Race - 8K Individual Results (8k),1665.6287,287
85391,2023-11-18,NCAA Division III Cross Country Championships,Men's Race - 8K Individual Results (8k),1667.3288,288
57269,2023-11-18,NCAA Division III Cross Country Championships,Men's Race - 8K Individual Results (8k),1667.6289,289
50218,2023-11-18,NCAA Division III Cross Country Championships,Men's Race - 8K Individual Results (8k),1673.929,290
50226,2023-11-18,NCAA Division III Cross Country Championships,Men's Race - 8K Individual Results (8k),1674.3291,291
70501,2023-11-18,NCAA Division III Cross Country Championships,Men's Race - 8K Individual Results (8k),1675.7292,292
56743,2023-11-18,NCAA Division III Cross Country Championships,Men's Race - 8K Individual Results (8k),1679.1292999999998,293
64207,2023-11-18,NCAA Division III Cross Country Championships,Men's Race - 8K Individual Results (8k),1679.5294,294
